Name,dong
고봉민김밥인,부전2동
한라정,부전1동
이삭토스트,부전2동
2대할매곰장어,부전1동
남해죽집,부전1동
궁전포장타운,부전1동
서라벌,부전2동
동아정,부전1동
소문난청도할매아구찜,부전1동
주차장산꼼장어,부전1동
반포장횟집,부전1동
세운식당,부전1동
타잔소주호프노래타운,부전2동
대야성갈비,부전1동
서면고기마을,부전1동
미성왕만두,부전1동
오리고기전문점,부전2동
후발대,부전2동
스코노롯데백화점서면점,부전2동
쵸키앤쿠키,부전2동
MOOL,부전1동
오스카호텔,부전2동
평화식당,부전2동
오토라운지,부전2동
오케이캐쉬대부,부전1동
다도해초밥,부전1동
원조밀양산곰장어,부전1동
국민포차의집,부전2동
동원당건당마당,부전1동
중국관,부전1동
대박생생오리,부전1동
하동산곰장어,부전1동
삼영돌솥밥,부전1동
소소횟집,부전1동
두끼,부전2동
복단,부전2동
더팬스테이크하우스,부전2동
할매집,부전2동
녹슨드럼통,부전2동
한식연구소코랩,부전2동
던킨도너츠서면역점,부전2동
고집불통식빵싸브,부전1동
비바쿠바,부전2동
그린양곱창,부전1동
원조서면양곱창,부전2동
공가네빵,부전2동
서면이대감집,부전1동
경주국밥,부전2동
나주곰탕본가,부전1동
조선칼국수와통막걸리,부전2동
본역고래홍어전문점,부전1동
함경면옥함흥냉면전문점서면점,부전2동
정겨운오뎅집부산서면점,부전2동
풍미초밥횟집,부전1동
또또분식,부전1동
라멘정,부전2동
교통부국밥,부전1동
홍콩반점,부전1동
복이있는조개구이집,부전1동
투팍,부전2동
첫눈애한잔,부전2동
옹헤야,부전2동
부전역전산곰장어,부전1동
오광보신탕,부전1동
필노래주점,부전1동
부전동모티집,부전2동
홍구방,부전2동
부전밀면,부전1동
내사랑,부전1동
교통부돼지국밥,부전1동
충무김밥,부전2동
어스,부전2동
송정국밥,부전2동
희야네석쇠쭈꾸미&빈대떡,부전2동
휘페리온과자점,부전1동
녹두장군,부전1동
대왕물총칼국수,부전2동
수림횟집,부전1동
위치커피,부전1동
꿈꾸는다락방,부전2동
부전반점,부전1동
명인만두,부전2동
이자카야타비타비,부전2동
깍두기,부전1동
정은푸드,부전2동
해남식당,부전1동
부산시민공원,부전1동
금호한정식,부전1동
웰포크장생돼지국밥,부전2동
대림참치,부전2동
바우네쌈밥,부전2동
또또분식,부전1동
부전밀면,부전2동
오매족서면본점,부전2동
포차51,부전1동
스타벅스,부전2동
도피오,부전2동
즐거운커피랑호프,부전1동
김태정숯불소갈비,부전2동
장어촌,부전1동
글로리플랜트김삿갓족발,부전2동
해롱노래방주점,부전1동
할리스커피,부전2동
지중해,부전1동
초이참치,부전2동
길,부전2동
신가돈까스,부전2동
스타벅스,부전1동
미송,부전1동
경북식당,부전1동
도미노피자,부전1동
동남구이,부전1동
마당쇠껍데기와소금구이마리포사점,부전2동
먹거리식당,부전1동
아메리칸트레일러롯데백화점,부전2동
한신포차,부전2동
파리바게뜨,부전2동
아지족발,부전1동
금소라식당,부전1동
반갑다친구야,부전1동
미즈컨테이너스몰플레이트서면점,부전2동
수영본가돼지국밥,부전2동
설빙,부전1동
루비노래주점,부전2동
홍대개미,부전2동
미락정,부전1동
대왕커피,부전2동
커피살롱,부전2동
언양불고기,부전2동
경아네집,부전2동
가보자식당,부전1동
아웃닭,부전2동
풍운식당,부전1동
220볼트치킨,부전1동
금사랑푸짐한집,부전1동
함안수산,부전1동
그집뱃살,부전2동
청진동아구찜,부전1동
미뜨,부전1동
밀양죽집,부전1동
대패소쿠리,부전1동
낙원떡집,부전1동
부전수구레국밥,부전1동
CU,부전2동
진칼국수,부전1동
역전산곰장어,부전1동
제일뚝배기,부전2동
바램,부전2동
푸드빌VIPS,부전2동
양프로(양곱창구이전문),부전2동
대월룸노래주점,부전2동
파스쿠찌,부전1동
빽다방,부전2동
대가호,부전1동
이슈모리,부전2동
현대초밥,부전1동
투가이즈,부전2동
루시바,부전2동
들녘,부전2동
해피해피크닉,부전1동
굴다리,부전1동
랜덤포차,부전2동
여우별,부전2동
모두모두소주방,부전1동
유니크스테이,부전2동
탁이네반려견카페,부전2동
동양포장클럽,부전1동
암소골,부전1동
파고다아카데미,부전2동
물레방아식당,부전1동
잔치잔치,부전2동
원조한양1등족발,부전2동
온센,부전2동
아자부카페부산서면점,부전2동
부대천하,부전2동
할매식당,부전2동
오스테리아부부,부전2동
소제이,부전2동
피오티아이디,부전2동
대가식당,부전1동
정원,부전1동
대부아구찜뽈찜,부전1동
우리시골집,부전1동
평규술집,부전2동
키쉬미뇽,부전2동
부라더식당,부전2동
한신포차부산서면중앙점,부전2동
2대할매산곰장어,부전1동
동남물회복국,부전1동
고려통닭,부전2동
빽다방,부전1동
궁전떡방앗간,부전1동
오스카Ⅰ,부전2동
삼원칼국수,부전1동
겐츠서면롯데점서면롯데점,부전2동
부전식당,부전2동
대한곰탕,부전1동
대포집,부전2동
신보성,부전2동
세븐펍,부전2동
발렌타인21,부전2동
서울숯불갈비,부전1동
갓파스시,부전2동
국수가게,부전2동
천상,부전2동
이모곰장어,부전1동
치킨깡,부전2동
통영굴전문점,부전1동
시네마포차,부전2동
매료,부전2동
다온,부전2동
늘벗돈까스밥집,부전2동
부산메디칼비뇨기과의원,부전1동
배스킨라빈스31,부전1동
심야독서,부전2동
식도락,부전1동
대장군보쌈,부전1동
이브노래주점,부전1동
대서양회참치본관,부전1동
주류,부전2동
다깡,부전2동
짱구스비어,부전2동
스무디킹,부전2동
무지개맥주,부전2동
지오소주호프노래타운,부전2동
호당물총칼국수,부전1동
우리카페,부전1동
삼겹시대모서리,부전2동
DK치킨,부전1동
서면곱창,부전1동
어썸루프탑,부전2동
달콤,부전2동
텐퍼센트커피,부전2동
한끗,부전2동
로위버거,부전2동
도촌,부전2동
술나방바,부전2동
원카츠,부전1동
부산반점,부전1동
남광,부전2동
랑데자뷰,부전2동
양지한정식,부전1동
제주짜투리,부전2동
스테이크잡스,부전2동
수락정숯불갈비,부전2동
애주당,부전2동
댕구이,부전2동
또또보리밥&얼큰이수제비,부전1동
남해장어,부전1동
EU피자&파스타,부전2동
생생제주생고기,부전1동
시크릿서비스,부전2동
BBQ치킨,부전2동
소문,부전2동
이나모로에스프레소,부전2동
지구상사,부전2동
핑크레이디,부전2동
스시로,부전2동
프띠르,부전2동
주차장산곰장어,부전1동
삼바리,부전2동
화이트스톤,부전2동
희희락,부전2동
녹두밭빈대떡,부전1동
규규,부전2동
비첸향,부전2동
처갓집양념치킨,부전1동
명성양곱창,부전2동
정은한정식,부전2동
빕스부산서면점,부전2동
프리아트,부전2동
차이797플러스,부전2동
외식촌,부전2동
엄마손곰장어,부전1동
우정분식,부전2동
명신커피숍,부전1동
이룸스터디룸,부전2동
옥지네해산물포차,부전2동
3대기장산곰장어,부전1동
서면통닭,부전1동
송숑순대,부전1동
용이네뒷고기,부전1동
일리터커피,부전2동
카페베네,부전2동
코코브루니,부전2동
밀라노커피숍,부전1동
윈저,부전2동
소풍,부전1동
고소주호프노래타운,부전2동
백경,부전1동
명가찻집,부전1동
조방낙지볶음집,부전2동
밀크보이,부전2동
가장맛있는족발,부전2동
명륜진사갈비,부전2동
크로바노래주점,부전2동
어썸,부전2동
스타벅스,부전2동
서면오향족발,부전1동
포쉬노쉬,부전2동
맛갓,부전2동
육수당,부전2동
오니에커피,부전1동
서울식당,부전2동
해논미역,부전1동
장모돼지국밥묵은지흑돼지찌개,부전1동
사번출구,부전2동
맥도날드,부전1동
농부바게트,부전2동
디케이동키치킨,부전2동
쌍복,부전2동
클럽벨포스,부전2동
더갤러리커피,부전2동
소문난돼지국밥,부전2동
더블린데이,부전2동
모모야마,부전2동
김영태스시L,부전2동
페닌술라,부전2동
원고기,부전2동
우리밀면,부전2동
브레드칸,부전1동
담스,부전2동
센치카야,부전2동
야우보쌈김치,부전1동
훈혁,부전2동
백경고래고기,부전1동
에이라인,부전2동
홍유단,부전2동
우리동네,부전1동
소주집가현이,부전1동
더벤티,부전2동
언양꼬리곰탕,부전1동
로즈,부전1동
리버스,부전2동
동민수산,부전2동
한방장어구이,부전2동
홍콩반점0410,부전2동
내고향전통찻집,부전1동
요녀석,부전1동
히코코,부전2동
우정아구찜,부전1동
롱테일프랜드cafe솜솜,부전1동
미담,부전2동
서면포항돼지국밥,부전2동
소다,부전2동
이디야커피,부전2동
동방축산,부전2동
스타벅스,부전1동
부산복집,부전1동
본도시락,부전1동
마하,부전2동
골목식당,부전2동
또봉이통닭,부전2동
마이농커피,부전2동
동방의빛,부전2동
비빔가,부전2동
송월돼지국밥,부전1동
미루,부전2동
공간,부전2동
김가네,부전2동
천일횟집,부전1동
셀렉토커피,부전2동
정동진해물탕해물찜,부전1동
소문난칼국수,부전1동
고향손칼국수,부전2동
진례추어탕,부전2동
밀양밥집,부전2동
YTN바,부전1동
시크릿가든,부전2동
우정단란,부전1동
미누식당,부전2동
함지박치즈등갈비,부전1동
엠비시노래주점,부전2동
마마된장,부전2동
뉴클라라,부전1동
미자노래주점,부전1동
셀렉토커피,부전1동
비턴,부전2동
황금노래주점,부전1동
하남돼지집,부전2동
홍석천마이타이,부전2동
김밥천국,부전2동
루마떡볶이,부전2동
다미만두,부전2동
대가집숯불갈비,부전1동
주차장꼼장어,부전1동
맥도날드,부전2동
돈장터국밥,부전1동
고봉민김밥인부산서면포스코점,부전2동
에머이,부전2동
대명반점,부전1동
새벽집,부전2동
별미민물장어,부전2동
길세이로무시,부전2동
무라,부전2동
어벤더치,부전2동
컴포즈커피,부전1동
대서양참치회초밥,부전1동
포이안쌀국수,부전2동
홀인원노래주점,부전1동
문향각,부전1동
황금나무커피,부전2동
아자금,부전2동
디스플레이재즈바,부전2동
동경야시장,부전2동
살바토레쿠오모,부전2동
가원한식,부전2동
쫄래쫄래걸어온나맥주집,부전2동
몰리네,부전1동
왕푸정중식,부전2동
수궁한정식,부전1동
보성미가,부전1동
빈슈트르델,부전2동
다향,부전1동
전복죽주는냉면집,부전2동
대짠일십,부전2동
디저트,부전2동
프린트베이커리,부전2동
사천수산회집,부전1동
본식당,부전2동
육객,부전2동
헐리우드스타,부전2동
이본,부전1동
명성회초밥,부전2동
디스영상룸,부전1동
드롭탑,부전1동
맛찬들왕소금구이서면점,부전2동
달봉이포차,부전2동
안평한우양곱창,부전1동
갈매기브루잉,부전2동
레전드스크린야구존,부전2동
진주냉면,부전2동
폭스,부전2동
징기스칸양심,부전2동
일출횟집,부전1동
구월애한정식,부전2동
새진주식당,부전1동
오성불족,부전2동
포항물회,부전1동
수수가든카페,부전2동
삼사오,부전2동
남양유업,부전2동
스포원매점,부전2동
우장군,부전1동
준코뮤직타운,부전2동
상하이뷔페,부전2동
역전우동0410,부전2동
청춘스타복고떼창포차,부전2동
가득실비타운,부전1동
함흥면옥,부전1동
공차,부전2동
춘하추동,부전1동
아이핫팟서면점,부전2동
백세생오리,부전1동
통큰해물천국,부전2동
탄탄면공방부산롯데서면점,부전2동
일구팔영,부전2동
피자살바토레쿠오모롯데부산본점,부전2동
아모제푸드카페아모제,부전2동
취향-취하는향기,부전2동
아마스빈,부전2동
옛날전통짜장,부전1동
쇼쿠팡,부전1동
9성급과메기전문점,부전2동
백스,부전2동
갓덴스시,부전2동
옵스,부전2동
오춘자비어서면3호점,부전2동
스시선수,부전1동
불란서갈비탕,부전2동
카페,부전2동
스시미르네,부전2동
미미루,부전2동
배달돼지되지,부전1동
진주복집,부전1동
의정부부대찌개,부전2동
백천민물장어,부전1동
노크2,부전2동
서면고려삼계탕,부전2동
수상한상수,부전2동
정항우케익롯데백화점부산본점,부전2동
에머이롯데서면점,부전2동
부전튀김,부전1동
청년다방,부전2동
벨르커피숍,부전1동
경부가정식뷔페,부전1동
5번가에비뉴커피롯데백화점부산본점,부전2동
도쿠도쿠야,부전2동
이태리비엠,부전1동
알리바바,부전2동
다다믄충무김밥,부전2동
대복성,부전1동
오백당,부전2동
메가커피서면,부전2동
샘터노래주점,부전1동
급행장차이나,부전1동
매일족발삶는남자,부전2동
옥다방,부전1동
은하실비,부전2동
청림추어탕,부전1동
로떼피씨까페,부전2동
오니비,부전2동
모리,부전2동
허그,부전2동
김태정바베큐치킨,부전2동
부산오돌족발,부전1동
미풍해장국서면점서면점,부전2동
삼안축산,부전2동
펍,부전2동
할매손충무김밥,부전2동
대호반점,부전1동
해월,부전1동
뚜꺼비식당,부전2동
요정참치,부전2동
정든식당,부전1동
사람사랑,부전1동
보드게임공간미니빌,부전2동
금호횟집,부전1동
섬섬옥수,부전1동
가면노래주점,부전1동
티파니돈까스,부전2동
포차끝판왕,부전2동
넉아웃,부전2동
비씨팔백서면점,부전1동
치면식당,부전2동
쿠키네쭈꾸미,부전2동
태영푸드,부전2동
노블,부전2동
더킹,부전1동
드롭탑,부전2동
팔미분식,부전2동
포차천국,부전2동
미니네손만두,부전1동
한양식당,부전1동
맛채움,부전1동
미니펍,부전2동
까티,부전2동
이안만두,부전2동
햅번노래주점,부전2동
무지개한우,부전2동
필,부전1동
오스시,부전2동
돼지불고기밥상가자미매운탕,부전2동
호토모토,부전2동
통큰한판,부전2동
레이디바,부전2동
아라라이브,부전2동
구스타보,부전2동
서면할매집,부전2동
힛더비치,부전2동
육회말투아웃,부전2동
스매싱보울,부전2동
원조진주돼지국밥,부전1동
소소명과,부전2동
고려당뺄띠에,부전2동
잘나이소문난원조칼국수,부전1동
시골한우시골돼지서면직영점서면직영점,부전2동
삿뽀로,부전2동
트웰브38,부전2동
모찌이야기,부전2동
고객주문서,부전2동
가을이네먹거리/봉팔이네찜닭,부전1동
꾸이점빵,부전2동
남양우유,부전2동
종로떡집,부전1동
바르미한정식샤브,부전2동
더블유,부전2동
땅땅치킨,부전2동
자갈치1호,부전2동
차마당,부전1동
물레방아,부전1동
소문난부전족발,부전1동
회전화화돼지왕갈비,부전2동
KEB하나은행,부전2동
뱃놈물회횟집,부전2동
용이네탕슉,부전2동
아마존노래타운,부전2동
배스킨라빈스31부산서면롯데점,부전2동
청해수산,부전1동
꽃닭발,부전2동
레벨스피자,부전2동
숙이네조개구이&문어숙회,부전2동
호호복국서면본점,부전1동
수타생왕돈까스,부전2동
호우양꼬치,부전2동
샤브그린서면점,부전2동
켈틱타이거,부전2동
카페클레어,부전1동
투썸플레이스서면중앙점,부전2동
1974골목갈비,부전2동
유가네닭갈비서면롯데점,부전2동
KAVANCOFFEE,부전2동
가곱,부전2동
충무할매김밥,부전2동
노군꼬치서면점,부전2동
명성초밥,부전2동
오븐에구운매운족발,부전2동
원조서면양곱창,부전2동
봉봉까스,부전1동
우주솥고고갈비,부전2동
윙카지노바,부전2동
셀렉토커피,부전1동
투더디퍼트,부전2동
컴포즈커피,부전2동
청담이상서면점,부전2동
장수촌순대돼지국밥서면점,부전1동
두남자찜닭,부전2동
좋은터,부전2동
힐링호프커피,부전1동
초능력,부전2동
엘리그레이,부전2동
올떡볶이,부전2동
깐풍집서면점,부전2동
밀크보이노래주점,부전2동
하연정순두부,부전2동
북경,부전2동
더스타뷔페,부전2동
금복,부전1동
김쉐프의족가,부전1동
남해죽집,부전1동
하얀집오징어,부전1동
모리스,부전1동
칸바레,부전2동
돌고래식당,부전2동
신촌도넛,부전2동
계수작,부전2동
현대라운지,부전1동
카카오,부전2동
닭발엔드닭,부전1동
에그드랍,부전2동
박장대소,부전1동
김순례닭강정,부전2동
왕김밥,부전1동
당근노래방주점,부전1동
퀸즈,부전1동
무쇠김치삼겹살,부전2동
제주밤바다,부전2동
또하까,부전1동
청진동감자탕,부전2동
우사부,부전1동
목마,부전1동
역전식당,부전1동
송정호,부전1동
필주점,부전1동
투썸플레이스서면일번가점,부전2동
왕가탕후루,부전2동
타코락,부전2동
더브라운,부전2동
미녀봉실내포장센타,부전1동
"모락,모락",부전1동
스시미프로,부전2동
7드론,부전2동
아소라멘,부전2동
피프티투헤르츠,부전2동
돈꽃,부전2동
이도비어,부전2동
예원당,부전1동
부타까츠,부전2동
푸라닭,부전2동
소수인,부전2동
브룩스,부전2동
명란명가,부전2동
육첩반상,부전2동
마루에프앤씨롯데시그니처,부전1동
속초아저씨튀김맛집,부전2동
열혈떡볶이,부전1동
뒷덜미전문점꼬들살집,부전2동
진미칼국수,부전1동
쪽대장,부전1동
주트식당,부전2동
후마치킨,부전1동
원대한포차,부전2동
라피스라줄리,부전2동
순간의순간,부전2동
자이안트,부전1동
티파티,부전1동
문월달,부전2동
아키보스커피,부전2동
올크라운,부전1동
추억속으로,부전1동
뉴로망스,부전1동
프리퀄커피,부전1동
뚜레박,부전1동
리얼안심탕수육&리얼하노이,부전2동
송화,부전1동
오풍미족발,부전2동
뉴썬파워포장클럽,부전1동
소문난부산낙곱새,부전1동
팹몬스터,부전1동
더블유더블유부산현대,부전2동
수원왕갈비통닭,부전2동
카롱카롱,부전2동
본우리반상,부전2동
추박사리면땅핫도그,부전2동
인생극장,부전2동
응급실국물떡볶이,부전1동
다니엘바,부전2동
라화쿵부,부전2동
동화노래주점,부전1동
원할머니보쌈,부전2동
무국식탁편백집,부전2동
한상부페,부전1동
쏘행성,부전2동
보드게임카페레드버튼서면,부전2동
혁켠,부전2동
김태정야심,부전2동
하꼬야,부전2동
참치오빠,부전2동
더브릭하우스,부전1동
신유경수제돈까스,부전1동
바다산꼼장어,부전1동
골목집,부전2동
옵스,부전2동
블랙펄,부전2동
잠바주스,부전2동
지미지니팍,부전2동
자매횟집,부전1동
고품격커피공장,부전2동
2046오리엔탈그릴,부전2동
옵포드,부전2동
엄지네포장마차,부전2동
프라우드에이,부전1동
카페,부전1동
모스,부전1동
한마음정육식당,부전2동
화랑식당,부전1동
갈채노래주점,부전1동
제주오겹살왕돌판구이,부전2동
어썸,부전2동
솔향기찻집,부전1동
도쿠도쿠,부전2동
비치,부전2동
도넛음료커피,부전1동
킹,부전2동
서면오공복이,부전2동
데어리퀸,부전2동
메인디저트,부전2동
티티푸드,부전2동
샵안집,부전2동
스시야상,부전2동
칵테일Q,부전2동
레알소만,부전2동
조선시대,부전2동
배스킨라빈스31부산서면일번가점,부전2동
친구야곱창,부전1동
모리도중,부전2동
진달래,부전1동
버거킹,부전2동
갈비삼대정,부전2동
한국맥도날드부산범전디티점,부전1동
부산만두,부전1동
탄탄면공방삼정,부전2동
아빠의집밥,부전2동
달라팩토리,부전2동
삼대왕족발,부전1동
99-1,부전1동
크리스탈제이드,부전2동
거대곰탕,부전2동
국제식품초원농원곰탕,부전1동
면작,부전2동
그늘촌,부전2동
대접,부전2동
MGM,부전2동
한국정,부전1동
청년어부,부전2동
종가할매국밥,부전1동
안창마을,부전1동
포베이,부전2동
화천막걸리,부전1동
심야식당,부전2동
캠퍼스컵밥,부전2동
몬스터푸드,부전1동
사랑방,부전1동
노군더닭,부전2동
만선3,부전2동
베이커리Q,부전2동
썸쏠트,부전2동
라파세,부전2동
윤쓰키친,부전2동
홍대무라,부전2동
용호동낙지,부전2동
에스앤에스펌서가앤쿡부산서면삼정,부전2동
익스,부전2동
카렌,부전2동
닭머꼬알머꼬,부전2동
광원수산,부전1동
크리스피크림부산서면점,부전2동
타이거분식,부전2동
청춘레스토랑,부전1동
소바야,부전2동
솔탭하우스서면삼정,부전2동
오복잔치부페,부전1동
1943,부전2동
막끌리네,부전1동
스페이스앤무드,부전1동
쏘핫마라탕마라샹궈,부전2동
아비꼬,부전2동
옛날무쇠다리미1분삼겹살,부전2동
추박사라면핫도그,부전2동
소원아귀찜,부전1동
텐진이찌방호르몬,부전2동
역전호프,부전1동
베트남쌀국수퍼란,부전2동
걸작,부전2동
물금식당,부전1동
샤브퐁당,부전2동
미인,부전2동
뷔베르,부전2동
오븐마루,부전1동
가마치,부전2동
고향집,부전1동
궁,부전1동
교동한과,부전2동
북촌손만두,부전2동
우성돈까스,부전2동
무라,부전2동
태진식당,부전2동
스타,부전1동
밀크보이소주호프,부전2동
CGV,부전2동
별밤라운지,부전2동
쉐이크쉑서면,부전2동
소반식당,부전1동
이분생,부전2동
캐릭스,부전2동
신촌갈비,부전2동
띵쿠키,부전2동
우마이용,부전2동
부전시장흑염소,부전1동
전광수커피하우스,부전2동
그루비,부전2동
짬뽕지존서면롯데점,부전2동
하이도넛,부전1동
빈스킹토스트·커피,부전2동
파파스그릴,부전2동
바다산장어구이,부전1동
드림에프엔디,부전2동
부전가정식부페,부전1동
전봇대전집,부전1동
심야술집,부전2동
전포할배,부전2동
버블버블,부전2동
디케이분식,부전2동
조선요리학,부전2동
한씨국밥집,부전1동
손규미닭발돼지껍데기,부전1동
무지개맥주,부전2동
의정부부대찌게,부전2동
줄리앙와플앤커피,부전2동
오늘술집주다방,부전2동
KFC,부전2동
진지한음식,부전2동
윈윈푸드,부전2동
부잣집,부전1동
스몰굿,부전2동
부전시장왕할매족발,부전1동
만선1,부전2동
컴포,부전1동
시노베,부전2동
피자드시우,부전2동
원피스노래주점,부전2동
아폴로,부전2동
내적갈등,부전2동
요거프레소,부전1동
은아분식,부전1동
이루커피,부전2동
하삼동커피서면NC점,부전2동
이도춘양,부전2동
스테프핫도그,부전2동
커피온리,부전2동
신룽푸마라탕,부전2동
짜라카페,부전1동
페이브베이커리,부전1동
치킨을사랑한떡볶이,부전2동
부전설렁탕,부전1동
화란가비,부전2동
다잡아낚시초밥,부전1동
매칭카페,부전1동
부부해장국,부전2동
서울호떡,부전2동
삼천포수산,부전1동
만선2,부전2동
한림정생아구찜,부전1동
만권화밥,부전1동
미진축산,부전2동
카페,부전1동
윤키친,부전2동
착한가격영자면옥,부전1동
도제유부초밥,부전2동
가마야식품,부전2동
건강제일바다장어,부전1동
술의민족,부전2동
진소담,부전1동
해뜰날만나떡볶이,부전2동
쿼즈247,부전2동
강산면옥,부전2동
진주복집,부전2동
강릉중화짬뽕빵,부전2동
텐퍼센트커피서면서전로점,부전1동
뉴카니발노래주점,부전2동
우정분식,부전2동
탑스24,부전1동
꿈꾸는다락방,부전2동
디마노,부전2동
에스,부전2동
투썸플레이스,부전2동
한아름단란주점,부전1동
덕분에서면점,부전2동
발빠닭,부전2동
서면곱창전골,부전1동
풍천장어,부전2동
수제맥주집,부전2동
리김밥,부전2동
맛있는한끼,부전2동
신바람,부전1동
경기떡집,부전2동
피사벨피자,부전2동
후라이드참잘하는집서면집,부전1동
쏙바디센터,부전2동
시크릿가든플라워카페,부전2동
브로새우,부전2동
토끼정,부전2동
주영이네밥상,부전1동
이룸,부전2동
담벼락,부전2동
강가네손만두,부전2동
이태리테이블,부전2동
장수촌실비집,부전1동
한양왕족발,부전2동
하룡장어구이전문점,부전1동
타카라,부전2동
철마한우뒷고기,부전1동
하동재첩보쌈수육,부전1동
곱창선생,부전2동
구슬함박롯데부산본점,부전2동
돈소굿,부전2동
이대역5번출구,부전2동
은하철도곱곱곱서면점,부전1동
설레임,부전2동
속에천불청송얼음막걸리,부전2동
오춘자비어,부전2동
컴포즈커피서면역점,부전2동
브이알플레이스,부전2동
제일회집,부전1동
서연,부전1동
고향어탕국수,부전1동
호돌이,부전2동
퀸즈노래주점,부전2동
비토,부전2동
부전분식,부전1동
요시노,부전2동
쭈꾸미본색,부전2동
뉴세일,부전1동
해보,부전1동
목화실비,부전2동
엄마손차림표,부전2동
미밥,부전2동
신신호텔,부전1동
허니노래주점,부전2동
동아실비,부전1동
차이797,부전2동
BHC치킨,부전2동
춘하추동,부전1동
나주돼지국밥,부전1동
주희수산,부전1동
담가,부전1동
부전상회횟집,부전1동
신화게판,부전2동
발빠닭,부전2동
명자족발,부전1동
송도횟집,부전1동
히노아지,부전2동
킹콩부대찌개,부전2동
복도너츠,부전1동
시골밥상,부전1동
더카페그레잇,부전1동
봄봄학원가점,부전2동
해남용궁해물탕,부전2동
일송회집,부전2동
참숯불불타는대구생막창,부전1동
싱글벙글,부전1동
이가네가마솥왕갈비탕,부전1동
물레방아소주방,부전1동
미가도,부전2동
예담골,부전2동
정든까페,부전1동
옹고집,부전2동
맛좋은멸치국수,부전1동
계영제과,부전1동
빙고노래방,부전1동
델리카한스,부전2동
고향산천,부전1동
한나식빵부산,부전2동
월구떡볶이,부전1동
심봉사도로케,부전1동
텐동에비스,부전2동
우정분식,부전2동
에이플러스,부전2동
충무낙지전문점,부전1동
자연식집,부전2동
더리터,부전1동
비치노래방주점,부전2동
꿀연구소카페,부전1동
합천횟집,부전1동
파크낙원떡집,부전1동
추풍령감자탕&묵은지,부전2동
크라켄,부전2동
바우네나주곰탕,부전1동
아이스코드,부전2동
보이왕갈비,부전2동
존슨부대찌개,부전2동
언양밥집,부전2동
청림식당,부전2동
팔구칠야시장,부전2동
나비,부전1동
통큰우럭,부전2동
투썸플레이스,부전2동
장터돼지국밥,부전1동
투플레이,부전2동
용호동할매팥빙수단팥죽,부전2동
우리돼지국밥,부전2동
브링온더나잇,부전2동
크리스피크림,부전2동
새벽집두루치기,부전2동
언니네부엌,부전2동
가빈,부전2동
도깨비,부전2동
현대경양식,부전1동
아리랑포장클럽,부전1동
할매충무김밥,부전2동
스콜,부전1동
뉴동화,부전1동
부산양곱창1호,부전2동
신전주콩나물국밥,부전1동
부산찌개마을,부전1동
요정,부전2동
주바,부전2동
아지트,부전2동
거북선,부전2동
우리식당,부전1동
급행장,부전1동
갈비곳간,부전1동
데일리,부전1동
메가커피,부전2동
로타리포장크럽,부전1동
하송식당,부전1동
언더더경대,부전2동
커피빈,부전2동
미소실비,부전1동
밥맛나는세상,부전1동
오션라이브바,부전2동
파도노래주점,부전1동
호루몬092,부전2동
파티파티,부전1동
새싹,부전1동
부전돈까스,부전1동
파리바게트롯데,부전1동
시장국수&돈가스,부전1동
또와주막,부전1동
부연식당,부전1동
칠공공비어,부전2동
후루룩콩국수,부전1동
한양전통족발,부전1동
부산원조꿀찰빵,부전1동
타코비,부전2동
조이클럽,부전2동
시장횟집,부전1동
시골집,부전1동
까치,부전1동
12열차실비광장,부전1동
만수식당,부전1동
양산꼬꼬,부전2동
도화지,부전2동
서면식당,부전2동
경북소머리곰탕,부전1동
밀양식당,부전1동
안동김밥,부전1동
커피스미스서면일번가점,부전2동
가야집,부전2동
부전식당,부전2동
경호강,부전1동
피치스,부전2동
부산해물찜,부전1동
양산도,부전2동
서울식당,부전1동
불고기300,부전1동
아담원단란주점,부전2동
고집센그집갈비탕,부전1동
매머드커피익스프레스,부전2동
착한커피집,부전1동
지금하루,부전2동
차차탱,부전2동
정항우케익카페,부전2동
생활맥주서면점,부전2동
월강,부전2동
맛을연구하다thebud,부전1동
텐퍼센트,부전1동
만선호프3,부전2동
마쯔리야,부전2동
동양,부전1동
우투,부전2동
다락,부전2동
곱앤순,부전2동
맛나감자탕,부전2동
충무김밥,부전2동
정항우케익,부전2동
카리브라틴펍,부전2동
버거앤파스타,부전2동
콩부인서면점,부전2동
현풍곰탕,부전1동
뿌빠노래타운2,부전2동
알프스커피,부전1동
아담소주호프,부전2동
프레드피자,부전1동
만선호프1,부전2동
그라비떼타번,부전2동
한옥집김치찜,부전2동
부산곰장어,부전1동
만쿠,부전2동
다무어찜닭,부전2동
아이엠어버거,부전2동
바나나,부전2동
옛날아우내순대,부전1동
아사히,부전2동
씨와이글로벌허유산,부전2동
썬노래주점,부전1동
번영활어,부전1동
땡구비어,부전2동
아몰리르,부전2동
밀크카우,부전2동
청송복국,부전1동
파스쿠찌서면베스트웨스턴호텔점,부전2동
CBAR,부전2동
삼오정,부전2동
홍포장마차,부전1동
이엔이행복한빵,부전1동
황금족발보쌈,부전1동
통큰할매순대국,부전1동
치킨신드롬서면점,부전2동
희자까야,부전2동
최셰프땡초인포차,부전2동
장위동유성집서면점,부전1동
홈플러스,부전2동
서울깍두기,부전1동
바지락칼국수,부전1동
그루브,부전2동
커피플러스,부전1동
코넬리아테니스,부전2동
도돈지,부전1동
솔내음한정식,부전1동
영심이양곱창,부전1동
퓨전포차걸작,부전2동
아람식당,부전1동
징기스,부전2동
부전먹거리,부전1동
세글자,부전2동
가라지,부전2동
민스시,부전2동
교촌치킨,부전1동
새미가라오케,부전1동
장수국밥,부전1동
유황돼지국밥,부전1동
팡팡노래주점,부전1동
차이붕,부전2동
의령보신탕,부전1동
포유단란주점,부전2동
바다산곰장어2호점,부전1동
11자리,부전2동
일품모듬구이,부전1동
부싯돌,부전1동
짝소주호프노래주점,부전2동
웬디카레,부전2동
와인나라롯데백화점부산부전점키친구엘,부전2동
태화육개장,부전1동
윤참치,부전2동
여성이만드는세상오!해피,부전1동
레오,부전1동
아수라발발타,부전2동
수영장라운지,부전2동
화진식당,부전1동
새벽두시,부전2동
잔치떡집,부전1동
명지횟집,부전1동
이디야커피,부전2동
삼형제칼국수,부전2동
고기굽는남자,부전2동
앤더스커피,부전1동
옛날통닭,부전1동
다해수산,부전2동
동래식당,부전2동
라임커피,부전1동
참치요정,부전2동
오통령,부전2동
나노갈매기,부전2동
대포집,부전2동
제이제이스랍스타바,부전2동
세운갈비,부전1동
이가야,부전1동
찰꿀빵,부전1동
바다횟집,부전2동
국민생고기,부전2동
아이엠에프식당,부전1동
생왕돈까스,부전2동
한성각,부전2동
골드바,부전2동
언양꼬리곰탕,부전2동
진주식당,부전1동
칠천각,부전1동
고베규카츠서면점,부전2동
현대식당,부전1동
녹원복국,부전2동
화이트,부전1동
태화각,부전1동
폴바셋롯데백화점부산본점,부전2동
덕생향,부전1동
유가네,부전2동
옥석노래방주점,부전1동
본죽,부전2동
사조로하이참치,부전1동
청도상회,부전1동
부전재첩국,부전1동
나성족발,부전1동
프레즈베이글,부전2동
드라마노래텔,부전1동
다복찻집,부전1동
해인베이커리,부전1동
윈저바,부전2동
추풍령감자탕,부전2동
산마루,부전2동
송하식당,부전1동
밀양곰장어,부전1동
피씨에스노래주점,부전2동
우성떡방앗간,부전2동
태화단란주점,부전1동
대서양초밥,부전1동
O.BON,부전2동
핵스테이크,부전2동
충무낚지볶음,부전1동
사리원냉면,부전1동
모스까사,부전2동
남원추어탕,부전2동
향미촌,부전2동
마당집,부전2동
두툼왕돈까스,부전2동
K투로바다야끼,부전2동
발레타인,부전2동
로비라운지,부전2동
경북식당,부전2동
더라운지,부전2동
위니비니,부전2동
리치노래주점,부전1동
돈우야,부전2동
시골식당,부전1동
해조횟집,부전1동
에스프레시보,부전2동
커피빈,부전2동
기장손칼국수,부전2동
홍콩노래주점,부전1동
남강초밥,부전1동
강남노래주점,부전1동
한끼맛있다서면점,부전2동
음악속추억,부전2동
정글포차,부전2동
뚜레쥬르,부전1동
레스투고,부전2동
누나네쭈꾸미,부전2동
선이포차,부전1동
김밥마을,부전1동
몽돌횟집,부전1동
참두릎산숙닭,부전2동
동북식당,부전1동
오사까,부전1동
도날드,부전2동
마틴커피로스터스,부전2동
바다나라횟집,부전1동
서울마님죽,부전1동
부영숯불구이,부전1동
강원도횡성댁,부전1동
한국솔가,부전2동
통영생아구찜,부전2동
스타벅스부산서면,부전2동
장상궁김밥,부전2동
서울한양족발,부전1동
훈훈한혁이네,부전2동
커피스캔들&아이프리모,부전1동
본죽,부전2동
홍대개미삼정,부전2동
브알라누아르,부전2동
불편해,부전2동
대한꼬치,부전1동
스타벅스,부전1동
에티오피아,부전2동
나,부전2동
춘미,부전2동
티지아이에프,부전2동
깜부,부전2동
울산목살구이집,부전1동
미인,부전1동
우마루,부전2동
한솥도시락서면교보생명앞점,부전2동
롯데리아,부전2동
오타구,부전2동
네네치킨,부전1동
온라인가라오케,부전1동
비봉삼계탕,부전2동
명커피숍,부전1동
칠암아나고,부전1동
포숑,부전2동
153구포국수,부전2동
라멘야,부전2동
19티,부전2동
통영아구찜,부전1동
대림부페,부전1동
기장멸치전문점,부전2동
비둘기다방,부전1동
대성곰탕,부전2동
누리수산,부전1동
베르빌골프아카데미,부전2동
하남돼지집,부전2동
칼국수집,부전2동
시카고II,부전2동
개성상황버섯삼계탕,부전2동
릴리키친,부전2동
오뎅야,부전2동
포도청,부전2동
앤더스커피,부전2동
소문난된장찌개,부전1동
클레어,부전1동
엉터리생고기,부전2동
매일좋은날식당,부전2동
아델라7,부전1동
7번가피자,부전1동
국제식품초원농원,부전1동
어부횟집,부전2동
급행면옥,부전1동
대가,부전2동
더비빔채,부전2동
별미장어구이,부전2동
시로이돈까스,부전2동
이시봉족발보쌈아구찜,부전1동
짚신매운갈비찜,부전2동
THE셰프,부전2동
월,부전2동
쌈싸먹는닭집,부전2동
통영굴보쌈&한방해초과메기,부전1동
이조팥빙수&팥칼국수,부전2동
미락양곱창,부전2동
동신참치,부전2동
콘서트,부전1동
신온달포차,부전2동
장강,부전2동
아지외삼,부전2동
이화동수제어묵고로케,부전2동
텐바,부전2동
365치킨,부전2동
삼미식당,부전1동
마쯔리야,부전2동
왕돈까스김밥,부전2동
너랑나랑,부전1동
니혼만땅,부전2동
차차노래주점,부전1동
롯데칠성음료,부전2동
부전밥집,부전1동
먹거리식당,부전1동
할매충무김밥,부전2동
부평가,부전2동
토이룸,부전2동
하나,부전2동
텐퍼센트,부전2동
흑곰,부전2동
옹헤야불백,부전2동
갈비42번가숯불구이점,부전2동
경남수산생선마트,부전1동
김가네,부전2동
잔치떡집,부전1동
펀펀한웅쉐프,부전2동
칭칸샤브,부전2동
빽다방,부전2동
차우차우짬뽕,부전2동
리얼안심탕수육&널찜했닭,부전1동
자갈치복집,부전1동
다정한족발,부전1동
나누리충무김밥,부전2동
파스타바코,부전2동
송채환철판요리집,부전2동
김밥정,부전2동
미가정횟집,부전1동
청춘휴게소,부전1동
선희구이,부전1동
텐퍼센트커피,부전2동
보네스뻬,부전2동
오리랑탕이랑,부전1동
맛있는북창동순두부,부전2동
다루마,부전2동
오모가리김치찌개,부전1동
정을담다,부전2동
토토,부전1동
안가,부전2동
우정,부전2동
제일횟집,부전1동
뉴카니발소주호프,부전2동
부전떡볶이,부전1동
자스민커피,부전2동
푸줏간,부전1동
지유가오카서면,부전2동
입술노래주점,부전2동
문라이트,부전2동
e백반,부전2동
코&타베,부전2동
타잔노래주점,부전2동
이십칠,부전2동
이디야커피,부전2동
라이스피아,부전1동
부전삼계탕,부전1동
경선순쌀빵,부전2동
대서양횟집,부전1동
죽이야기,부전2동
자야손칼국수,부전2동
내고향전통찻집,부전1동
고오자,부전1동
도시농가코페도코,부전2동
하송회초밥,부전1동
달의케이크,부전1동
경선순쌀빵,부전1동
열린공간,부전1동
타잔노래주점,부전2동
제이제이마카롱,부전2동
훈남닭발,부전2동
마산아구찜,부전1동
서민치킨포차,부전1동
일품장원국밥,부전1동
덤뿍퍼주는뼈다귀해장국,부전1동
발해양꼬지,부전2동
사라야,부전2동
그냥식당,부전2동
옛날가야밀면,부전2동
영광이니,부전2동
대왕해물탕,부전2동
어쭈구이,부전2동
겐츠베이커리,부전2동
아지트숙성회참치,부전1동
파복스,부전2동
원가회관,부전2동
노네임,부전2동
놈커피,부전2동
돼자뷰,부전2동
호호불닭발,부전2동
공중정원,부전2동
양신금부평가족발,부전2동
주차장꼼장어,부전1동
진주교자냉면,부전1동
태건이네국밥,부전1동
한스,부전2동
라무,부전2동
촌닭,부전1동
기장멸치회전문점,부전2동
라우스촨훠궈,부전2동
동해고래,부전1동
강셉포차,부전2동
TGIF패밀리레스토랑,부전2동
불막열삼,부전2동
미남,부전2동
경성주막1929,부전2동
상상짬뽕,부전2동
다옴서면삼정,부전2동
빈센트7,부전2동
서면오뎅,부전2동
달인손짜장,부전1동
컴포즈커피,부전2동
반짠,부전2동
홍익돈까스,부전2동
냉맥집,부전2동
카페051서면엔씨점,부전2동
유동포차,부전2동
라운지,부전2동
조옥당,부전2동
예준코소주호프노래타운,부전2동
무한질주,부전2동
스타벅스,부전2동
경성코페,부전2동
브릭스커피,부전2동
고향칼국수,부전2동
청학동,부전1동
송원정,부전1동
상제씨,부전2동
히바린,부전2동
해피데이,부전1동
배스킨라빈스31,부전2동
김완쭈꾸미,부전1동
피자살바토레쿠오모롯데,부전2동
준이네한치회모밀,부전2동
콘티넨탈,부전2동
제일횟집,부전1동
카카오프렌즈,부전2동
the바삭,부전1동
맛있는순두부김치찜,부전1동
EL스칼라,부전2동
웁스,부전2동
맛의명태자,부전2동
아지트숙성회앤참치,부전1동
정성식당,부전2동
삼미식당,부전2동
김씨반주,부전2동
계룡산숯불갈비,부전1동
창이자까야,부전2동
소담촌,부전1동
민속집,부전1동
남도어선생,부전2동
설선갈비,부전2동
양곡,부전2동
모쿠대판야끼,부전2동
허유산,부전2동
유정,부전1동
용궁해물탕,부전1동
할매충무김밥,부전2동
부산롯데카페무,부전2동
원플러스원,부전2동
쏘렌토스파게티전문점,부전2동
착한양곱창,부전2동
1970새마을포차,부전2동
전광수커피숍,부전2동
라떼르,부전2동
밥스테이크,부전2동
서면고기집,부전2동
한양일등족발,부전2동
블라썸타로,부전2동
투고,부전2동
크라스플러스,부전2동
수수가든,부전2동
키토키친,부전2동
댕강,부전2동
더카페,부전1동
아오이포켓퓨전일식,부전2동
썰스데이파티,부전2동
두레박산오징어,부전2동
마레이,부전2동
짠짠훠궈삼정,부전2동
날이좋아서,부전1동
커피스가모인서면,부전1동
골목갈비,부전2동
잉글리쉬카페,부전2동
신불떡볶이,부전2동
풍류,부전2동
샤넬,부전1동
냉삼집서면접,부전2동
부전영양갈비탕,부전1동
JJ랍스타,부전2동
보리,부전1동
바게뜨양,부전2동
서면힐링존,부전2동
유로코피자,부전1동
팔팔살아있는활아구,부전1동
송정동핫도그,부전2동
골목,부전2동
바다호호복국,부전1동
부단,부전2동
모구모구,부전2동
1858,부전2동
흥부식당,부전1동
농부파스타,부전2동
삼촌네고깃집,부전1동
유동커피삼정타워,부전2동
수제비어,부전2동
쿠만,부전2동
오타르,부전2동
투가이즈앤미파,부전2동
믿음직화,부전2동
아키수산,부전2동
풍국면,부전2동
일과이분의일,부전2동
2대가야밀면전문점,부전1동
청춘고갈비,부전2동
미가정,부전1동
옛날수제통닭,부전1동
길,부전2동
동원,부전2동
충렬사분식,부전1동
킹콩부대찌개,부전2동
KimsBowling,부전2동
교보핫트랙스,부전2동
조양숯불갈비,부전1동
노블,부전2동
겐츠베이커리롯데백화점,부전2동
모두모두포장클럽,부전1동
모던테이블,부전2동
블랙업커피,부전2동
앤티앤스,부전2동
네네치킨,부전1동
나무테이야기,부전2동
서울깍두기,부전1동
다도해,부전1동
순희네토스트&커피,부전2동
하이파이브,부전2동
갤러리,부전2동
더시카고짬뽕,부전2동
바보주막,부전1동
북카페심심푸리,부전2동
"3,6,9노래방",부전1동
홍콩반점,부전2동
우이조개구이,부전1동
카라,부전2동
삼구포차,부전2동
포항돼지국밥,부전2동
서면베스트,부전1동
키라라,부전2동
선우떡집,부전1동
슬린카츄,부전1동
수잔,부전2동
노랑통닭,부전2동
자갈치숯불산꼼장,부전2동
고기쁨,부전2동
부전밀면,부전1동
다미,부전2동
그집생선구이경회루,부전1동
명성회초밥,부전2동
조선숯돌생고기,부전2동
미림초밥,부전1동
내가찜한닭,부전2동
토담골도예촌,부전2동
엘파르케,부전1동
카페Os,부전2동
더벤티,부전2동
대가참치,부전1동
모뚜랑,부전2동
편장군족발,부전2동
플라밍고,부전2동
콩나물비빔밥식당,부전1동
커피스토리,부전2동
콘서트,부전2동
몽샹82,부전2동
찬스,부전1동
본죽,부전1동
롯데아트홀,부전2동
쉼터식당,부전1동
백리향,부전2동
서면산오징어,부전1동
플레이그라운드,부전2동
주문진막국수,부전2동
오니기리와이규동,부전2동
브리크레인이십,부전2동
어우동,부전1동
사월그날,부전2동
이디야커피,부전1동
정오,부전2동
오대양식당,부전1동
삼성양과점,부전1동
삼삼칠,부전1동
전주비빔밥,부전1동
동명횟집,부전2동
새마시초밥,부전2동
테너,부전1동
김해덕베이커리,부전1동
동원,부전1동
사보이,부전2동
착한돼지,부전2동
전야제,부전2동
소라오비,부전1동
풍년국밥,부전1동
울산식당,부전1동
스페로스페라,부전2동
소새끼,부전2동
그래인스쿠키,부전2동
월드부페,부전1동
동키치킨,부전1동
울타리없는만두집,부전1동
태평루,부전1동
7.7식당,부전2동
상하이차이나,부전2동
시카고스텐드바,부전2동
금산인삼,부전1동
윈져,부전2동
신전떡볶이,부전2동
고래사냥,부전1동
여운,부전2동
신한류시대,부전2동
곱다,부전2동
향토버섯매운탕,부전1동
고놈참,부전2동
메가커피,부전1동
발리,부전2동
소문난옛날통닭,부전1동
홍두깨칼국수,부전1동
부산양대창,부전2동
착한멸치국수,부전2동
번영회집,부전1동
유가네닭갈비,부전2동
도토리커피,부전1동
버거스올마이티,부전2동
정가네샤브샤브,부전2동
유가솜씨,부전2동
군자대한곱창,부전2동
수호족발감자탕,부전2동
미스터빠삭,부전2동
모마,부전2동
황제얼큰이샤브샤브칼국수앤코다리찜,부전2동
힝,부전2동
마라쿵젠,부전2동
에바돈가츠,부전2동
야후보쌈,부전1동
오쌀롱,부전2동
테이스트앤랑데뷰,부전1동
컴포즈커피,부전2동
Q라운지,부전2동
낮밤,부전2동
열정감자탕,부전2동
안양한우양곱창,부전1동
메밀고밀면,부전1동
다섯시,부전2동
청불,부전2동
텐퍼센트커피,부전1동
스타벅스서면센트럴스퀘어점,부전2동
동신횟집,부전1동
아는오빠,부전2동
김치삼겹살,부전2동
시장통,부전2동
라팔마,부전1동
조방낙지볶음,부전2동
점심이네포차,부전2동
이치방수산,부전2동
우진각,부전2동
삿뽀로참치,부전2동
도야족발,부전2동
미팅룸,부전2동
계절밥상서면롯데점,부전2동
마릴린먼로,부전2동
엔제리너스부산서면,부전2동
램프,부전2동
홍시,부전1동
멕시칸치킨,부전1동
풍미아구찜,부전1동
부전할매선지국밥,부전1동
히어로보드게임카페,부전2동
스타벅스서면중앙점,부전2동
본가밀면전문점,부전2동
이삼이타운,부전2동
대성분식,부전2동
집밥한식뷔페,부전2동
스타벅스,부전1동
양지양곱창,부전1동
알라딘,부전2동
가비가,부전2동
토마토커피ㆍ호프,부전1동
미미미부산,부전2동
남도꼬막한정식,부전2동
문희양곱창,부전1동
분이네매실족발,부전1동
역전곰장어,부전1동
빨강포차,부전2동
복고다방,부전2동
오뗄소시지베이커리,부전2동
만선호프2,부전2동
부산쪽쪽갈비,부전2동
제임스치즈등갈비,부전2동
훈이네고집야식,부전1동
달토끼의떡볶이흡입구역,부전1동
컴포즈,부전2동
영실비,부전1동
금호다방,부전1동
족발쌀롱,부전2동
고품격커피공장,부전2동
히요코,부전2동
부전산곰장어,부전1동
배가왕,부전2동
마녀족발롯데백화점,부전2동
해리스,부전2동
빠리봄,부전1동
공차,부전2동
ABC커피,부전1동
노크,부전2동
카페M,부전1동
후레쉬킹크랩,부전2동
카페Q,부전2동
부전국밥,부전1동
사랑정이,부전2동
더벤티,부전2동
아메리칸트레일러,부전2동
우와한,부전2동
어오케이커피,부전1동
심통,부전2동
녹차마른고기,부전1동
웅이네집밥,부전1동
세광양대창,부전2동
보배호떡,부전2동
크림,부전2동
미락칼국수,부전1동
딜,부전2동
호이오,부전2동
더벤티,부전2동
김실력숙성횟집,부전2동
미락칼국수&샤브샤브,부전1동
카페,부전1동
거북이동네,부전2동
김말자김밥,부전2동
차뜨라므,부전2동
어쭈,부전2동
뿌빠노래타운1,부전2동
친구7080라이브,부전1동
동강한우참숯불구이,부전1동
서면꼬마김밥,부전1동
감성커피,부전2동
브라운부산서면본점서면본점,부전2동
어썸,부전2동
천씨씨커피,부전2동
교동전선생서면1호점,부전2동
올라잇커피,부전1동
푸드맘,부전1동
마틴커피로스터스,부전2동
오륙도낙지볶음,부전1동
미팅,부전1동
희로야,부전2동
프루타아이스,부전2동
카페,부전1동
대성각,부전1동
루비노래주점,부전1동
메드포집밥,부전1동
서면대복집,부전1동
엔제리너스,부전2동
사우나라운지,부전2동
두남자핫도그,부전2동
스타벅스,부전2동
백악관1994,부전2동
일품장원돼지국밥,부전1동
모아커피숍,부전2동
숑숑돈까스,부전2동
전포로미팅룸,부전2동
람아,부전2동
윤가네오향족발,부전1동
내맘대로돈까스,부전2동
이리스웨딩앤뷔페,부전2동
수향그릴면가,부전2동
고스트,부전2동
해성막창집,부전2동
정직유부,부전2동
장승진스시,부전2동
생고기제작소,부전2동
면식수행,부전2동
파스타입니다,부전1동
일월육일,부전2동
초대갈비,부전2동
황금덜미,부전2동
아이더,부전2동
임대장,부전2동
레벨스,부전2동
퍼스트,부전2동
용이초밥,부전2동
도쿄시장,부전2동
뎐벼락막창,부전2동
대월포장클럽,부전1동
경북식당,부전2동
보드게임카페레드버튼,부전2동
메인디저트마카롱,부전2동
더킹,부전2동
도르르,부전2동
호로롯쿠,부전1동
크라상점,부전2동
미락,부전1동
인쌩맥주,부전2동
이디야커피,부전2동
리춘시장,부전2동
두끼떡볶이,부전2동
두끼떡볶이,부전2동
TCAFE,부전2동
가미,부전1동
지금이닭,부전1동
고미고미,부전2동
국민포차,부전2동
바보온달,부전2동
신주,부전1동
아리랑핫도그,부전2동
피자1109,부전1동
별애별떡,부전2동
탐앤탐스,부전2동
게하식당,부전2동
아빠가하는찌개집,부전1동
이대명과,부전2동
가야한방밀면,부전1동
갈비3선,부전2동
신짜글이닭발,부전1동
노다지장터,부전2동
만배아리랑보쌈,부전1동
좋은날노래타운,부전2동
비타민포장센타,부전1동
카페,부전2동
VILLAIN,부전2동
BBQ치킨,부전1동
비라티오,부전2동
신선육가공한우1번가,부전2동
오소아,부전2동
커피집,부전2동
천향다원,부전1동
티티푸드,부전1동
새벽정원,부전2동
솔탭하우스,부전2동
철인7호치킨,부전2동
신세계코다리,부전2동
동키치킨,부전2동
충무낙지볶음,부전1동
카페,부전1동
추억만들기2020,부전1동
김밥리더,부전1동
한끼,부전1동
구중해,부전1동
일일시호주,부전1동
비피엠라운지,부전2동
카페051,부전2동
시카고펍비어,부전2동
낭만연어,부전2동
용용푸드,부전2동
진주교자냉면보리밥,부전1동
애견카페122,부전2동
가불자,부전2동
24시후니맛집,부전1동
기리,부전1동
달밤,부전1동
